City ID,City,Lat,Lng,Max Temp,Humidity,Cloudiness,Wind Speed,Country,Date
0,Yulara,-25.24,130.99,57.2,30,0,10.29,AU,1596069696
1,Byron Bay,-28.65,153.62,64.4,63,0,12.75,AU,1596069696
2,Avarua,-21.21,-159.78,69.8,83,1,6.93,CK,1596069696
3,Saskylakh,71.92,114.08,57.9,59,0,3.31,RU,1596069696
4,Busselton,-33.65,115.33,51.01,97,82,6.69,AU,1596069527
5,Punta Arenas,-53.15,-70.92,37.4,88,98,8.05,CL,1596069697
6,São Félix do Xingu,-6.64,-51.99,73.87,46,9,1.41,BR,1596069697
7,Omalur,11.74,78.05,73.42,90,98,1.59,IN,1596069697
8,Kavieng,-2.57,150.8,84.34,67,24,5.61,PG,1596069697
9,Roald,62.58,6.13,57.2,87,16,10.29,NO,1596069697
10,Zihuatanejo,17.63,-101.55,83.68,75,94,4.85,MX,1596069697
11,Rikitea,-23.12,-134.97,73.27,84,100,14.63,PF,1596069697
12,Hamilton,39.18,-84.53,86.0,54,1,4.7,US,1596069643
13,Vaini,-21.2,-175.2,71.6,78,75,17.22,TO,1596069698
14,Badajoz,38.67,-6.17,84.0,37,0,5.01,ES,1596069698
15,Tuatapere,-46.13,167.68,54.99,69,100,9.55,NZ,1596069698
16,Beringovskiy,63.05,179.32,55.35,78,71,9.91,RU,1596069639
17,Mar del Plata,-38.0,-57.56,48.99,93,16,6.73,AR,1596069543
18,Tiznit Province,29.58,-9.5,75.72,45,0,0.96,MA,1596069698
19,Guerrero Negro,27.98,-114.06,73.92,67,0,16.37,MX,1596069698
20,Hermanus,-34.42,19.23,55.99,89,80,3.0,ZA,1596069698
21,Dobryatino,55.51,41.32,64.63,95,100,6.22,RU,1596069698
22,Biak,-0.91,122.88,74.1,88,100,5.68,ID,1596069699
23,Mil'kovo,54.72,158.62,70.47,51,100,3.02,RU,1596069699
24,Chapais,49.78,-74.85,66.2,82,75,5.82,CA,1596069527
25,Port Alfred,-33.59,26.89,58.44,69,1,19.62,ZA,1596069699
26,Jhang,33.67,72.7,73.4,100,90,11.41,PK,1596069699
27,Butaritari,3.07,172.79,82.94,73,0,16.26,KI,1596069699
28,Río Gallegos,-51.62,-69.22,33.8,86,12,9.17,AR,1596069441
29,Ribeira Grande,38.52,-28.7,74.1,91,56,22.82,PT,1596069699
30,Praia da Vitória,38.73,-27.07,75.2,88,40,17.4,PT,1596069699
31,Tiksi,71.69,128.87,40.08,86,100,8.46,RU,1596069699
32,São Filipe,14.9,-24.5,77.52,87,98,7.7,CV,1596069699
33,Hilo,19.73,-155.09,84.2,51,75,12.75,US,1596069700
34,College,64.86,-147.8,66.99,55,75,5.82,US,1596069700
35,Valleyview,55.07,-117.29,71.37,79,95,6.51,CA,1596069700
36,Hobart,-42.88,147.33,51.8,57,40,9.17,AU,1596069437
37,Topeka,39.05,-95.68,75.2,94,90,3.36,US,1596069628
38,Waingapu,-9.66,120.26,78.84,63,1,13.33,ID,1596069701
39,Portland,45.52,-122.68,95.0,27,20,11.41,US,1596069468
40,Mataura,-46.19,168.86,54.55,72,100,2.98,NZ,1596069701
41,Talaya,61.38,152.75,48.07,61,100,17.43,RU,1596069702
42,Abū Zabad,12.35,29.25,73.22,83,4,9.04,SD,1596069702
43,Jamestown,42.1,-79.24,73.0,78,75,4.7,US,1596069434
44,Albany,42.6,-73.97,73.99,58,82,5.26,US,1596069702
45,Muros,42.78,-9.06,70.0,83,0,1.01,ES,1596069702
46,Berlevåg,70.86,29.09,52.59,86,43,16.67,NO,1596069702
47,Yellowknife,62.46,-114.35,73.0,46,40,11.41,CA,1596069702
48,Mahébourg,-20.41,57.7,69.8,88,40,8.05,MU,1596069702
49,Chui,-33.7,-53.46,42.37,84,0,2.59,UY,1596069702
50,Khatanga,71.97,102.5,62.82,56,100,13.02,RU,1596069702
51,Vostok,46.49,135.88,77.99,56,0,4.52,RU,1596069703
52,Wattegama,6.8,81.48,76.23,77,18,5.08,LK,1596069703
53,Ketchikan,55.34,-131.65,71.6,53,1,14.99,US,1596069703
54,Atuona,-9.8,-139.03,78.89,75,4,21.03,PF,1596069703
55,Grand Forks,47.93,-97.03,80.6,44,75,5.82,US,1596069703
56,Voskresenskoye,56.84,45.43,61.84,93,0,7.49,RU,1596069703
57,East London,-33.02,27.91,59.49,65,0,13.24,ZA,1596069703
58,Lichuan,30.3,108.85,70.02,88,100,2.57,CN,1596069703
59,Nago,26.59,127.98,87.8,74,75,14.99,JP,1596069703
60,Acarí,-15.43,-74.62,61.92,54,32,3.44,PE,1596069704
61,Le Mars,42.79,-96.17,75.0,83,90,5.82,US,1596069704
62,Cabo San Lucas,22.89,-109.91,87.01,65,40,17.22,MX,1596069606
63,Goulburn,-34.75,149.72,48.0,91,100,3.27,AU,1596069704
64,Castro,-24.79,-50.01,51.31,96,99,9.44,BR,1596069704
65,Irauçuba,-3.75,-39.78,75.36,65,0,4.92,BR,1596069704
66,Oussouye,12.48,-16.55,80.6,88,40,6.93,SN,1596069704
67,Corrente,-3.74,-43.34,75.97,72,7,3.53,BR,1596069704
68,New Norfolk,-42.78,147.06,51.01,73,35,1.99,AU,1596069704
69,Newton,42.34,-71.21,84.0,51,40,8.05,US,1596069705
70,Kemin,42.78,75.69,61.14,59,0,7.78,KG,1596069705
71,Barrow,71.29,-156.79,46.4,75,1,25.28,US,1596069705
72,Souillac,-20.52,57.52,69.8,88,40,8.05,MU,1596069705
73,Salalah,17.02,54.09,80.6,100,75,6.93,OM,1596069522
74,Griffith,41.53,-87.42,80.01,65,1,5.82,US,1596069508
75,Ilulissat,69.22,-51.1,44.6,81,79,4.7,GL,1596069705
76,Bluff,-46.6,168.33,54.48,70,100,11.68,NZ,1596069706
77,Ushuaia,-54.8,-68.3,37.4,95,20,19.46,AR,1596069706
78,Belaya Gora,68.53,146.42,49.62,57,100,10.89,RU,1596069480
79,Morón,-34.65,-58.62,51.01,71,0,3.78,AR,1596069706
80,Itaíba,-8.95,-37.42,65.26,94,51,9.84,BR,1596069706
81,Vallenar,-28.57,-70.76,63.95,35,75,3.71,CL,1596069706
82,Hithadhoo,-0.6,73.08,82.4,80,98,13.56,MV,1596069707
83,Saint-Philippe,-21.36,55.77,69.8,77,31,4.7,RE,1596069707
84,Requena,39.49,-1.1,69.01,62,0,2.71,ES,1596069707
85,Lavrentiya,65.58,-171.0,48.11,86,100,8.12,RU,1596069707
86,Tuktoyaktuk,69.45,-133.04,55.4,76,75,9.17,CA,1596069707
87,Carnarvon,-24.87,113.63,55.4,93,0,6.93,AU,1596069707
88,Asarganj,25.15,86.68,84.34,76,100,6.96,IN,1596069707
89,Port Blair,11.67,92.75,80.56,83,100,15.01,IN,1596069430
90,Leningradskiy,69.38,178.42,43.45,72,24,14.52,RU,1596069707
91,Bredasdorp,-34.53,20.04,57.2,76,94,11.41,ZA,1596069559
92,Hanna,51.63,-111.9,82.99,59,0,5.01,CA,1596069708
93,Lompoc,34.64,-120.46,66.2,72,8,13.87,US,1596069665
94,Ambikāpur,23.12,83.2,77.47,85,100,4.34,IN,1596069708
95,Newcastle,-32.93,151.78,62.01,77,75,9.17,AU,1596069571
96,Severo-Kuril'sk,50.68,156.12,57.2,78,74,14.54,RU,1596069708
97,Fare,-16.7,-151.02,80.08,78,100,20.98,PF,1596069708
98,Ahipara,-35.17,173.17,58.96,79,100,12.84,NZ,1596069708
99,Ossora,59.24,163.07,57.65,86,100,6.17,RU,1596069709
100,Dunedin,-45.87,170.5,50.0,74,100,5.99,NZ,1596069598
101,Kieta,-6.22,155.63,85.69,65,100,3.76,PG,1596069709
102,Asău,46.43,26.4,68.0,94,0,2.24,RO,1596069709
103,Bengkulu,-3.8,102.27,75.94,85,88,3.2,ID,1596069709
104,George Town,5.41,100.34,80.6,88,20,3.36,MY,1596069570
105,Nanortalik,60.14,-45.24,46.24,90,41,6.64,GL,1596069709
106,Ol'ga,43.74,135.29,78.76,57,0,6.6,RU,1596069491
107,Nikolskoye,59.7,30.79,57.2,82,20,6.71,RU,1596069709
108,Kribi,2.95,9.92,74.88,89,100,10.45,CM,1596069709
109,Ixtapa,20.7,-105.2,77.0,94,90,2.24,MX,1596069710
110,Tynda,55.17,124.72,76.75,68,16,3.71,RU,1596069710
111,Pisco,-13.7,-76.22,60.8,82,90,12.75,PE,1596069710
112,Stykkisholmur,65.08,-22.73,50.58,81,100,3.29,IS,1596069710
113,Puerto Ayora,-0.74,-90.35,66.99,91,99,1.99,EC,1596069710
114,Cidreira,-30.18,-50.21,46.76,74,69,2.26,BR,1596069551
115,Makakilo City,21.35,-158.09,87.8,43,40,8.05,US,1596069710
116,Rocha,-34.48,-54.33,38.89,85,0,1.59,UY,1596069710
117,Cherskiy,68.75,161.3,49.24,61,15,17.34,RU,1596069710
118,Seymchan,62.88,152.43,52.84,52,91,17.07,RU,1596069710
119,Port Elizabeth,-33.92,25.57,60.8,67,0,17.22,ZA,1596069711
120,Puerto Escondido,15.85,-97.07,78.8,69,90,5.82,MX,1596069628
121,Kem',64.96,34.58,58.41,81,100,12.12,RU,1596069711
122,Mana,5.66,-53.78,79.29,83,96,9.53,GF,1596069482
123,Saldanha,-33.01,17.94,46.4,87,0,1.12,ZA,1596069711
124,Santa Cruz de Barahona,18.21,-71.1,83.32,70,5,4.18,DO,1596069711
125,Kapaa,22.08,-159.32,82.4,69,40,14.99,US,1596069711
126,Mount Gambier,-37.83,140.77,46.4,100,90,3.8,AU,1596069711
127,Kānt,27.8,79.8,79.3,90,100,7.74,IN,1596069711
128,Lagoa,39.05,-27.98,73.87,91,41,27.2,PT,1596069712
129,Winnemucca,40.97,-117.74,100.4,5,20,10.29,US,1596069712
130,Dongsheng,39.82,109.98,78.04,47,100,20.22,CN,1596069712
131,Nouadhibou,20.93,-17.03,69.8,88,62,12.75,MR,1596069712
132,Constitución,-35.33,-72.42,48.54,70,100,4.27,CL,1596069712
133,Moindou,-21.69,165.68,82.4,54,18,13.87,NC,1596069712
134,Nísia Floresta,-6.09,-35.21,73.4,94,40,12.75,BR,1596069712
135,Rio Grande,-32.03,-52.1,37.0,96,0,4.43,BR,1596069525
136,Orichi,58.4,49.06,63.14,98,100,10.07,RU,1596069712
137,Homun,20.73,-89.28,89.6,55,75,10.29,MX,1596069712
138,Seybaplaya,19.65,-90.67,86.0,74,75,5.82,MX,1596069713
139,Longyearbyen,78.22,15.64,51.8,81,40,4.7,SJ,1596069693
140,Yerbogachën,61.28,108.01,60.33,67,100,11.72,RU,1596069713
141,Kumul,42.8,93.45,83.46,16,97,8.23,CN,1596069713
142,Macapá,0.04,-51.07,82.4,83,19,4.7,BR,1596069558
143,Pringsewu,-5.36,104.97,77.9,76,50,1.95,ID,1596069713
144,Itoman,26.12,127.67,87.8,70,75,12.75,JP,1596069713
145,Codrington,-38.27,141.97,52.66,78,97,6.26,AU,1596069713
146,Camocim,-2.9,-40.84,75.9,81,0,5.57,BR,1596069713
147,Yar-Sale,66.83,70.83,53.22,75,1,6.71,RU,1596069713
148,Vysha,53.85,42.38,65.05,63,52,7.52,RU,1596069714
149,Mossamedes,-15.2,12.15,61.83,83,0,6.58,AO,1596069714
150,Makat,47.65,53.35,75.76,30,9,7.56,KZ,1596069714
151,Bethel,41.37,-73.41,80.6,69,1,9.17,US,1596069714
152,Verāval,20.9,70.37,83.88,81,100,12.33,IN,1596069714
153,Tasiilaq,65.61,-37.64,42.8,81,54,3.36,GL,1596069714
154,Hambantota,6.12,81.12,79.38,82,17,17.78,LK,1596069469
155,Cayenne,4.93,-52.33,80.6,83,67,3.36,GF,1596069715
156,Odesskoye,54.21,72.97,52.66,72,7,5.5,RU,1596069715
157,Lubao,14.92,120.55,82.0,94,90,3.36,PH,1596069715
158,Marrakesh,31.63,-8.01,80.6,54,40,5.82,MA,1596069587
159,Hong Kong,22.29,114.16,84.99,83,100,3.0,HK,1596069465
160,Torbay,47.67,-52.73,54.0,100,90,8.05,CA,1596069715
161,Tinskoy,56.15,96.92,66.7,68,52,4.0,RU,1596069715
162,Rodolfo Sánchez Taboada,31.72,-116.57,82.99,34,10,5.99,MX,1596069715
163,Talara,-4.58,-81.27,61.9,86,0,14.25,PE,1596069715
164,Lunca Mureşului,46.43,23.9,68.0,93,77,2.24,RO,1596069716
165,Altamira,-3.2,-52.21,73.69,71,0,1.63,BR,1596069716
166,Egvekinot,66.32,-179.17,48.06,95,100,2.46,RU,1596069716
167,Laguna,38.42,-121.42,98.6,18,1,9.17,US,1596069716
168,Kaitangata,-46.28,169.85,55.87,74,100,2.53,NZ,1596069716
169,Bulawayo,-20.15,28.58,49.64,61,0,5.82,ZW,1596069716
170,Talnakh,69.49,88.4,59.0,67,37,6.71,RU,1596069716
171,Provideniya,64.38,-173.3,50.0,93,90,8.95,RU,1596069717
172,Kindu,-2.95,25.95,69.13,45,0,0.58,CD,1596069717
173,Tautira,-17.73,-149.15,82.4,69,75,19.46,PF,1596069717
174,Vila Velha,-20.33,-40.29,79.0,88,34,1.12,BR,1596069717
175,Korla,41.76,86.15,80.01,74,96,11.14,CN,1596069717
176,The Valley,18.22,-63.06,82.4,83,40,16.11,AI,1596069717
177,Naifaru,5.44,73.37,82.63,78,85,16.78,MV,1596069717
178,Husavik,66.04,-17.34,44.6,93,1,0.43,IS,1596069718
179,Isangel,-19.55,169.27,82.4,65,20,11.41,VU,1596069718
180,Vieste,41.88,16.18,75.2,73,5,1.12,IT,1596069718
181,Mogadishu,2.04,45.34,77.34,85,30,13.67,SO,1596069718
182,Prince Rupert,54.32,-130.32,66.2,63,1,5.82,CA,1596069708
183,Mildura,-34.2,142.15,48.99,100,90,3.36,AU,1596069718
184,Petropavlovsk-Kamchatskiy,53.05,158.65,73.4,49,100,6.71,RU,1596069718
185,Lorengau,-2.02,147.27,85.73,63,17,6.51,PG,1596069718
186,Auki,-8.77,160.7,82.81,78,99,4.92,SB,1596069718
187,Katsuura,35.13,140.3,72.0,88,75,8.05,JP,1596069718
188,Pevek,69.7,170.31,37.11,93,100,5.61,RU,1596069718
189,Beni Mazar,28.5,30.8,79.68,58,0,15.86,EG,1596069719
190,Narsaq,60.92,-46.05,51.8,71,98,4.7,GL,1596069719
191,Yangi Marg`ilon,40.43,71.72,75.2,41,0,6.93,UZ,1596069719
192,Chak Azam Sahu,30.75,73.03,91.24,54,0,8.9,PK,1596069719
193,Leh,34.17,77.58,59.29,44,64,1.3,IN,1596069719
194,Olinda,-8.01,-34.86,78.8,69,75,16.11,BR,1596069719
195,Mahon,39.89,4.27,77.0,83,50,8.05,ES,1596069719
196,Saint Paul Harbor,57.79,-152.41,69.8,52,1,13.87,US,1596069719
197,Cape Town,-33.93,18.42,53.01,100,40,6.93,ZA,1596069670
198,Mumbai,19.01,72.85,80.6,94,75,6.93,IN,1596069607
199,Kargasok,59.06,80.86,54.61,89,99,13.11,RU,1596069720
200,Buala,-8.14,159.59,86.34,64,0,2.51,SB,1596069720
201,Baymak,52.59,58.32,55.87,83,0,3.53,RU,1596069720
202,Panzhihua,26.59,101.71,70.0,75,100,1.48,CN,1596069720
203,Ancud,-41.87,-73.82,39.2,93,63,2.24,CL,1596069669
204,Terney,45.05,136.61,81.3,60,0,7.94,RU,1596069720
205,Kamenka,51.32,42.77,69.01,62,100,1.01,RU,1596069720
206,Geraldton,-28.77,114.6,51.8,76,0,6.93,AU,1596069720
207,Gisborne,-38.65,178.0,57.99,55,0,4.0,NZ,1596069585
208,Batemans Bay,-35.72,150.18,60.01,61,4,4.0,AU,1596069721
209,Tual,-5.67,132.75,79.29,82,98,21.92,ID,1596069721
210,Mandera,3.94,41.87,77.59,69,0,12.97,KE,1596069721
211,Salinas,36.68,-121.66,71.01,64,20,12.75,US,1596069721
212,Nizwá,22.93,57.53,90.1,46,100,2.19,OM,1596069721
213,Taltal,-25.4,-70.48,56.3,73,100,2.15,CL,1596069721
214,Semey,50.41,80.23,60.8,87,40,8.95,KZ,1596069721
215,Mitsamiouli,-11.38,43.28,76.82,82,84,13.47,KM,1596069721
216,Lüderitz,-26.65,15.16,64.4,52,0,6.93,NA,1596069722
217,Karagay,58.27,54.94,59.61,97,100,4.29,RU,1596069722
218,Batagay-Alyta,67.8,130.41,56.71,48,0,4.79,RU,1596069722
219,Boralday,43.36,76.86,57.2,71,20,2.24,KZ,1596069722
220,Lebu,-37.62,-73.65,44.96,74,100,4.45,CL,1596069722
221,Ponta do Sol,32.67,-17.1,71.6,60,40,8.05,PT,1596069722
222,Arraial do Cabo,-22.97,-42.03,70.75,83,91,14.07,BR,1596069722
223,Qaanaaq,77.48,-69.36,41.49,68,0,1.48,GL,1596069722
224,Vanimo,-2.67,141.3,85.84,63,0,6.51,PG,1596069722
225,Midland,32.0,-102.08,98.6,25,1,13.87,US,1596069614
226,Sittwe,20.15,92.9,82.38,81,100,5.73,MM,1596069723
227,Boende,-0.22,20.87,73.58,79,100,2.15,CD,1596069723
228,Tessalit,20.2,1.01,92.66,25,0,7.67,ML,1596069723
229,Namatanai,-3.67,152.43,85.53,67,23,5.26,PG,1596069723
230,Hailar,49.2,119.7,72.95,68,99,5.88,CN,1596069723
231,Bambous Virieux,-20.34,57.76,69.8,88,40,8.05,MU,1596069723
232,Manokwari,-0.87,134.08,83.37,68,0,5.77,ID,1596069723
233,Kruisfontein,-34.0,24.73,52.57,80,0,12.77,ZA,1596069723
234,Airai,-8.93,125.41,68.05,35,92,4.29,TL,1596069723
235,Teshie,5.58,-0.11,75.2,94,75,10.29,GH,1596069724
236,Upernavik,72.79,-56.15,42.87,85,20,5.5,GL,1596069724
237,Margate,51.38,1.39,63.0,67,23,5.95,GB,1596069724
238,Bayan,46.08,127.4,77.14,75,82,2.64,CN,1596069724
239,Chongwe,-15.33,28.68,52.92,73,0,3.44,ZM,1596069724
240,Bitam,2.08,11.5,67.87,98,100,2.66,GA,1596069724
241,Hasaki,35.73,140.83,72.0,94,75,10.29,JP,1596069724
242,Jasper,37.2,-94.35,78.8,88,20,4.7,US,1596069724
243,Bathsheba,13.22,-59.52,82.4,83,40,13.87,BB,1596069724
244,Yumen,40.28,97.2,74.89,25,0,5.37,CN,1596069725
245,Jijiga,9.35,42.8,60.78,82,91,13.22,ET,1596069725
246,Muhos,64.81,25.99,59.0,87,100,9.17,FI,1596069725
247,Baharly,38.44,57.43,84.45,24,0,1.03,TM,1596069725
248,Sangar,63.92,127.47,65.95,57,1,3.76,RU,1596069725
249,Monrovia,6.3,-10.8,77.0,83,75,10.09,LR,1596069725
250,Davila,18.47,120.58,82.4,83,75,2.24,PH,1596069725
251,Faanui,-16.48,-151.75,79.72,78,100,19.24,PF,1596069725
252,Montluçon,46.33,2.6,61.0,71,0,2.75,FR,1596069726
253,Caldwell,43.66,-116.69,98.01,24,1,4.0,US,1596069662
254,Kalmunai,7.42,81.82,79.43,78,93,4.7,LK,1596069726
255,Ternate,0.8,127.4,81.57,78,100,7.11,ID,1596069485
256,Comodoro Rivadavia,-45.87,-67.5,41.0,60,69,8.05,AR,1596069726
257,Ushtobe,45.25,77.98,69.6,44,0,5.44,KZ,1596069605
258,Dikson,73.51,80.55,48.31,80,96,3.83,RU,1596069726
259,Chokurdakh,70.63,147.92,49.73,54,58,8.81,RU,1596069726
260,Alofi,-19.06,-169.92,75.2,60,75,19.46,NU,1596069726
261,High Prairie,55.43,-116.49,75.42,66,100,3.24,CA,1596069725
262,Kutum,14.2,24.67,74.68,68,100,9.86,SD,1596069726
263,At-Bashi,41.17,75.81,55.11,61,0,0.67,KG,1596069727
264,Erenhot,43.65,111.98,74.57,53,100,15.19,CN,1596069727
265,Thompson,55.74,-97.86,75.2,50,20,6.93,CA,1596069727
266,Mount Isa,-20.73,139.5,68.0,30,0,10.29,AU,1596069727
267,Saint Anthony,45.02,-93.22,81.0,42,1,5.82,US,1596069727
268,Oppdal,62.59,9.69,51.78,81,93,3.67,NO,1596069727
269,Westport,41.14,-73.36,82.4,69,1,9.17,US,1596069543
270,Dingle,11.0,122.67,83.17,79,100,11.23,PH,1596069727
271,Nouakchott,18.09,-15.98,80.6,69,75,11.41,MR,1596069517
272,Longyan,25.11,117.02,84.33,70,42,2.1,CN,1596069728
273,Harlingen,26.19,-97.7,84.2,70,40,8.05,US,1596069728
274,Mehamn,71.04,27.85,52.41,84,1,16.69,NO,1596069729
275,Udangudi,8.43,78.02,79.74,71,50,10.49,IN,1596069729
276,Mingshui,36.72,117.5,86.0,63,0,4.88,CN,1596069729
277,Houma,29.6,-90.72,86.0,74,40,6.93,US,1596069729
278,Acapulco de Juárez,16.86,-99.89,84.2,83,75,3.36,MX,1596069632
279,Hofn,64.25,-15.21,51.37,83,0,3.29,IS,1596069730
280,Rafai,4.95,23.92,66.88,97,100,1.03,CF,1596069730
281,Sakakah,29.97,40.21,100.4,12,20,5.82,SA,1596069730
282,Te Anau,-45.42,167.72,52.52,79,100,3.91,NZ,1596069730
283,Russell,32.35,-85.2,78.8,83,90,5.82,US,1596069730
284,Tselinnoye,53.08,85.67,57.16,95,100,17.52,RU,1596069730
285,Kaabong,3.48,34.15,62.71,79,17,1.63,UG,1596069730
286,Lithakia,37.72,20.83,69.8,88,0,3.4,GR,1596069730
287,Coahuayana Viejo,18.73,-103.68,71.6,94,90,1.52,MX,1596069730
288,Port Keats,-14.25,129.55,76.35,22,0,14.34,AU,1596069731
289,Reedley,36.6,-119.45,102.99,27,1,7.07,US,1596069641
290,Langsa,4.47,97.97,77.61,93,100,1.97,ID,1596069731
291,Kiryat Gat,31.61,34.76,80.6,78,0,1.12,IL,1596069731
292,Berlin,52.52,13.41,63.0,81,94,2.24,DE,1596069445
293,Ţahţā,26.77,31.5,85.93,33,0,12.12,EG,1596069731
294,Clyde River,70.47,-68.59,43.48,89,91,4.76,CA,1596069731
295,Jacareacanga,-6.22,-57.75,74.82,48,10,1.7,BR,1596069731
296,San Miguel de Cauri,-10.1,-76.58,41.76,89,27,3.38,PE,1596069731
297,Nikel,69.41,30.22,53.6,81,0,20.8,RU,1596069731
298,Tabou,4.42,-7.35,75.0,87,100,9.69,CI,1596069732
299,Kahului,20.89,-156.47,89.6,43,20,26.4,US,1596069712
300,Kloulklubed,7.04,134.26,82.4,83,90,6.93,PW,1596069732
301,Sitka,57.05,-135.33,68.0,64,1,4.7,US,1596069732
302,Saint-François,46.42,3.91,60.8,67,0,2.24,FR,1596069732
303,Luanda,-8.84,13.23,68.0,88,87,5.82,AO,1596069498
304,Gazli,40.13,63.45,72.46,25,0,13.02,UZ,1596069732
305,Shiyan,32.65,110.78,80.55,78,91,2.64,CN,1596069732
306,Bystrogorskiy,48.21,41.14,71.01,47,0,2.26,RU,1596069732
307,Bandi̇̄pur,27.93,84.42,69.49,100,87,1.74,NP,1596069733
308,Sorong,-0.88,131.25,82.22,75,0,9.84,ID,1596069551
309,Gold Coast,-28.0,153.43,71.01,55,0,12.75,AU,1596069448
310,Raisen,23.33,77.8,77.0,100,20,3.36,IN,1596069733
311,Fortuna,40.6,-124.16,63.0,77,2,4.0,US,1596069593
312,Åros,59.7,10.51,57.0,83,0,1.99,NO,1596069733
313,Mandalī,33.75,45.55,102.11,13,0,10.65,IQ,1596069733
314,Sept-Îles,50.2,-66.38,59.0,100,90,10.29,CA,1596069733
315,Oktyabr'skiy,54.48,53.47,58.62,86,100,5.39,RU,1596069733
316,Colares,38.8,-9.45,66.0,77,0,15.01,PT,1596069734
317,Ochsenfurt,49.66,10.06,55.99,66,20,4.7,DE,1596069734
318,Mercedes,-34.65,-59.43,45.0,51,0,1.01,AR,1596069582
319,Eureka,40.8,-124.16,63.0,87,75,5.82,US,1596069734
320,Inhambane,-23.86,35.38,62.04,79,0,4.99,MZ,1596069734
321,Dunmore Town,25.5,-76.65,83.43,78,27,12.8,BS,1596069734
322,Bubaque,11.28,-15.83,78.12,87,100,20.27,GW,1596069734
323,Garden City,42.33,-83.33,84.99,51,75,6.93,US,1596069730
324,Birin,26.89,88.07,78.8,94,90,3.36,NP,1596069734
325,Waipawa,-41.41,175.52,57.2,71,0,16.11,NZ,1596069735
326,Usinsk,65.99,57.53,48.83,76,15,11.34,RU,1596069735
327,Campbell River,50.02,-125.24,77.0,33,20,6.93,CA,1596069697
328,Ostrovnoy,68.05,39.51,48.25,91,11,11.86,RU,1596069462
329,Ucluelet,48.93,-125.55,66.2,68,5,11.41,CA,1596069735
330,Sinegor'ye,62.08,150.48,48.47,52,99,16.13,RU,1596069735
331,Takoradze,4.88,-1.76,74.12,89,23,7.58,GH,1596069735
332,Luanda,-8.84,13.23,68.0,88,87,5.82,AO,1596069690
333,Maraã,-1.83,-65.37,75.99,74,42,1.99,BR,1596069735
334,Araouane,18.9,-3.53,92.73,36,83,2.93,ML,1596069736
335,Zhigansk,66.77,123.37,54.14,58,0,19.53,RU,1596069736
336,Moranbah,-22.0,148.05,67.37,46,0,15.1,AU,1596069736
337,Aklavik,68.22,-135.01,55.4,76,75,4.7,CA,1596069725
338,Monaghan,54.25,-6.97,57.99,93,90,10.29,IE,1596069736
339,Malkerns,-26.57,31.18,52.41,44,0,5.73,SZ,1596069736
340,Arlit,18.74,7.39,94.24,29,86,5.39,NE,1596069736
341,Daytona Beach,29.21,-81.02,73.0,100,75,3.36,US,1596069736
342,Soller,39.77,2.72,82.0,54,0,2.24,ES,1596069737
343,Grenå,56.42,10.88,53.6,93,1,12.75,DK,1596069737
344,Rincón de la Victoria,36.72,-4.28,82.0,83,75,2.24,ES,1596069737
345,Mgandu,-5.95,34.13,56.53,86,0,7.99,TZ,1596069737
346,Chegdomyn,51.12,133.02,85.46,51,2,2.8,RU,1596069737
347,Bălţi,47.76,27.93,72.0,79,93,1.99,MD,1596069737
348,Touros,-5.2,-35.46,73.4,94,40,3.36,BR,1596069737
349,Sayyan,15.17,44.32,59.65,84,77,5.35,YE,1596069737
350,San Quintín,30.48,-115.95,70.66,72,0,16.93,MX,1596069737
351,Luang Prabang,19.89,102.13,77.0,94,75,0.63,LA,1596069738
352,Saint George,37.1,-113.58,106.0,7,1,4.7,US,1596069738
353,Cockburn Town,21.46,-71.14,83.19,80,23,24.65,TC,1596069555
354,Richards Bay,-28.78,32.04,61.97,83,0,2.86,ZA,1596069738
355,Nome,64.5,-165.41,51.8,81,90,11.41,US,1596069738
356,Thinadhoo,0.53,72.93,83.01,76,100,16.35,MV,1596069738
357,Deputatsky,69.3,139.9,46.4,59,68,9.22,RU,1596069738
358,Tolaga Bay,-38.37,178.3,54.72,62,0,5.88,NZ,1596069738
359,Baykit,61.67,96.37,59.02,82,100,7.85,RU,1596069738
360,Port Moresby,-9.44,147.18,80.6,83,40,11.41,PG,1596069558
361,San Patricio,19.22,-104.7,82.4,100,90,1.61,MX,1596069739
362,Zhangaözen,43.3,52.8,68.67,54,10,18.21,KZ,1596069739
363,Borovichi,58.39,33.92,55.35,96,20,6.11,RU,1596069739
364,Beyneu,45.32,55.2,68.4,63,100,10.0,KZ,1596069739
365,Mizdah,31.45,12.98,69.28,71,0,8.59,LY,1596069739
366,Charters Towers,-20.1,146.27,69.51,43,0,14.5,AU,1596069739
367,Saint-Leu,-21.15,55.28,69.8,77,28,4.7,RE,1596069739
368,Quesnel,53.0,-122.5,78.8,39,1,6.93,CA,1596069739
369,Necochea,-38.55,-58.74,39.0,88,55,1.99,AR,1596069739
370,Weyburn,49.67,-103.85,81.97,49,28,17.45,CA,1596069740
371,Meulaboh,4.14,96.13,78.49,74,71,4.94,ID,1596069740
372,Atikokan,48.76,-91.62,67.73,64,86,4.12,CA,1596069740
373,Yining,29.04,114.56,84.2,79,100,1.25,CN,1596069740
374,Althofen,46.88,14.47,66.2,93,20,1.12,AT,1596069740
375,Astoria,46.19,-123.83,80.01,53,1,12.75,US,1596069740
376,Mozarlândia,-14.74,-50.57,73.94,43,0,4.9,BR,1596069740
377,Puerto Colombia,10.99,-74.95,84.2,79,40,13.87,CO,1596069740
378,Palmer,42.16,-72.33,82.4,54,75,6.93,US,1596069740
379,Batangafo,7.3,18.28,70.74,97,100,2.24,CF,1596069740
380,Hūn,29.13,15.95,73.0,56,0,4.43,LY,1596069741
381,Mackay,-21.15,149.2,71.6,46,0,16.11,AU,1596069741
382,Kosonsoy,41.26,71.55,75.2,41,0,6.93,UZ,1596069741
383,Koundara,12.48,-13.3,73.4,98,100,5.1,GN,1596069741
384,Mezen',65.85,44.24,52.32,68,0,9.98,RU,1596069741
385,Tsagan Aman,47.56,46.72,71.01,76,0,0.94,RU,1596069741
386,Dingcheng,32.13,115.04,82.94,81,100,2.89,CN,1596069741
387,Vestmannaeyjar,63.44,-20.27,51.73,88,5,5.79,IS,1596069741
388,Phonhong,18.5,102.42,78.8,100,75,6.93,LA,1596069742
389,Socuéllamos,39.29,-2.79,71.01,65,0,5.99,ES,1596069742
390,Philadelphia,39.95,-75.16,89.01,38,20,10.29,US,1596069106
391,Pierre,44.37,-100.35,80.01,74,20,11.41,US,1596069723
392,Pangnirtung,66.15,-65.71,54.48,73,84,3.22,CA,1596069556
393,Taitung City,22.76,121.14,77.0,88,75,6.93,TW,1596069742
394,Tocopilla,-22.09,-70.2,57.94,68,2,4.56,CL,1596069742
395,San Rafael,-34.62,-68.33,48.38,49,0,8.19,AR,1596069478
396,Ponferrada,42.55,-6.6,70.0,83,0,1.99,ES,1596069742
397,Verkhnevilyuysk,63.45,120.32,61.27,51,91,5.77,RU,1596069742
398,Mnogovershinnyy,53.94,139.92,78.6,59,90,9.71,RU,1596069743
399,Boa Vista,2.82,-60.67,86.0,58,20,2.24,BR,1596069713
400,Huntingdon,52.33,-0.19,62.01,81,100,4.23,GB,1596069743
401,Ubari,26.59,12.78,79.39,22,0,10.38,LY,1596069743
402,Kavaratti,10.57,72.64,82.47,78,100,16.49,IN,1596069468
403,Goba,7.02,39.98,51.8,88,96,2.84,ET,1596069743
404,Andenes,69.31,16.12,59.0,77,97,5.82,NO,1596069743
405,Hermosillo,29.07,-110.97,100.4,45,40,12.75,MX,1596069510
406,Oranjestad,12.52,-70.03,84.2,79,20,10.29,AW,1596069744
407,Jimo,36.39,120.46,82.0,74,0,2.24,CN,1596069744
408,Ḩasanābād,36.55,61.05,75.2,36,0,2.24,IR,1596069744
409,Sørland,67.67,12.69,59.65,78,66,8.59,NO,1596069744
410,La Ronge,55.1,-105.28,86.0,45,75,6.93,CA,1596069744
411,Saint-Pierre,-21.34,55.48,66.2,77,71,4.7,RE,1596069540
412,Linguère,15.4,-15.12,82.38,74,100,11.7,SN,1596069744
413,Pochutla,15.74,-96.47,78.8,69,90,5.82,MX,1596069744
414,Hirara,24.8,125.28,86.0,84,75,13.87,JP,1596069744
415,Saint-Ambroise,48.55,-71.33,64.0,100,75,6.93,CA,1596069470
416,Vila Franca do Campo,37.72,-25.43,71.6,100,75,9.17,PT,1596069744
417,Sainte-Anne-des-Monts,49.12,-66.49,62.85,91,53,5.17,CA,1596069745
418,Hlotse,-28.87,28.05,37.78,74,0,2.21,LS,1596069745
419,Tres Arroyos,-38.37,-60.28,40.86,69,99,8.95,AR,1596069745
420,Caçador,-26.78,-51.02,44.58,86,40,0.96,BR,1596069745
421,Kamina,-8.74,24.99,62.49,38,0,1.57,CD,1596069745
422,Dolores,-36.31,-57.68,40.26,75,0,5.66,AR,1596069546
423,Rodniki,57.11,41.73,63.14,95,100,8.79,RU,1596069745
424,Nandyāl,15.48,78.48,79.3,81,100,2.71,IN,1596069545
425,Kathu,7.92,98.33,78.8,94,75,2.24,TH,1596069746
426,Chebarkul',54.97,60.36,57.24,94,100,6.29,RU,1596069746
427,Bara,10.37,10.73,73.96,91,17,10.56,NG,1596069746
428,Tigil',57.8,158.67,62.73,58,38,11.32,RU,1596069746
429,Lake Shasta,40.68,-122.37,100.0,10,0,1.99,US,1596069746
430,Avera,33.19,-82.53,84.2,70,90,9.31,US,1596069746
431,Port Hawkesbury,45.62,-61.35,70.0,100,75,1.23,CA,1596069746
432,Oodweyne,9.41,45.06,70.75,64,0,14.38,SO,1596069482
433,Myitkyina,25.38,97.4,75.34,95,100,0.63,MM,1596069746
434,Luleå,65.58,22.15,60.8,87,100,6.93,SE,1596069746
435,Kabinda,-6.13,24.48,68.52,33,0,3.53,CD,1596069746
436,Port Lincoln,-34.73,135.87,57.33,72,0,3.87,AU,1596069747
437,Padang,-0.95,100.35,79.86,75,96,4.72,ID,1596069747
438,Maţāy,28.42,30.78,79.65,56,0,15.66,EG,1596069747
439,Walvis Bay,-22.96,14.51,54.0,93,0,1.12,NA,1596069747
440,Ambunti,-4.24,142.84,87.8,62,35,2.15,PG,1596069747
441,Sivaki,52.63,126.75,83.41,50,0,8.1,RU,1596069747
442,Laas,46.62,10.7,60.8,93,5,3.36,IT,1596069747
443,Ballarat,-37.57,143.85,50.0,91,13,4.03,AU,1596069747
444,Rawson,-43.3,-65.1,44.51,60,98,15.03,AR,1596069582
445,Norman Wells,65.28,-126.83,66.2,63,75,11.41,CA,1596069748
446,Honningsvåg,70.98,25.97,55.38,81,0,11.9,NO,1596069748
447,Denpasar,-8.65,115.22,78.8,94,40,9.17,ID,1596069748
448,Kuna,43.49,-116.42,98.6,19,1,4.7,US,1596069672
449,Tevriz,57.51,72.4,50.52,82,0,2.73,RU,1596069748
450,Coquimbo,-29.95,-71.34,51.8,93,0,2.24,CL,1596069748
451,Havelock,34.88,-76.9,82.0,92,22,8.52,US,1596069661
452,Bam,29.11,58.36,80.96,20,10,10.16,IR,1596069748
453,Aksarka,66.56,67.8,50.22,83,100,7.83,RU,1596069749
454,Dembī Dolo,8.53,34.8,56.62,96,93,2.42,ET,1596069749
455,Samarai,-10.62,150.67,76.82,81,100,15.19,PG,1596069749
456,Mareeba,-17.0,145.43,73.4,49,0,10.29,AU,1596069749
457,Seredka,58.16,28.19,55.4,93,20,4.47,RU,1596069749
458,Birao,10.28,22.79,68.97,93,86,4.16,CF,1596069749
459,Plouzané,48.38,-4.62,57.2,87,0,8.05,FR,1596069749
460,Brewster,41.4,-73.62,80.6,69,1,9.17,US,1596069749
461,Shangqiu,34.45,115.65,82.27,82,17,8.25,CN,1596069749
462,Oistins,13.07,-59.53,82.4,83,40,13.87,BB,1596069750
463,Tsimmerbude,54.67,20.13,57.2,82,40,6.71,RU,1596069750
464,Chul'man,56.85,124.91,66.09,81,99,5.14,RU,1596069750
465,Liverpool,53.41,-2.98,59.0,82,100,3.36,GB,1596069601
466,Imbituba,-28.24,-48.67,51.8,57,0,12.75,BR,1596069751
467,Andijan,40.78,72.34,75.0,96,0,4.0,UZ,1596069751
468,Tura,25.52,90.22,73.72,98,100,5.79,IN,1596069751
469,Danilovka,50.36,44.12,68.36,45,0,4.21,RU,1596069751
470,Nushki,29.55,66.02,82.35,15,15,7.36,PK,1596069752
471,Hadrut,39.52,47.03,67.19,65,2,3.62,AZ,1596069752
472,Xining,36.62,101.77,60.78,60,100,2.04,CN,1596069752
473,Victor Harbor,-35.57,138.62,54.0,92,48,0.96,AU,1596069752
474,Ivanishchi,55.77,40.43,63.82,95,100,7.25,RU,1596069752
475,Shīeli,44.17,66.75,69.87,37,53,10.56,KZ,1596069752
476,Anadyr,64.75,177.48,53.6,93,90,2.24,RU,1596069752
477,San Blas,21.52,-105.27,71.6,83,90,4.7,MX,1596069752
478,Tabriz,38.08,46.29,71.6,60,20,6.93,IR,1596069752
479,Grand Gaube,-20.01,57.66,68.0,81,19,3.0,MU,1596069752
480,Kondinskoye,59.65,67.41,52.59,72,100,3.96,RU,1596069753
481,Duku,11.24,4.91,74.57,89,13,4.59,NG,1596069753
482,Fort Nelson,58.81,-122.7,73.4,43,40,5.82,CA,1596069665
483,Taoudenni,22.68,-3.98,96.03,29,4,6.42,ML,1596069753
484,Sinazongwe,-17.26,27.46,60.75,60,0,3.24,ZM,1596069753
485,Beloha,-25.17,45.05,60.93,96,26,5.95,MG,1596069630
486,Nsanje,-16.92,35.26,61.5,82,0,2.01,MW,1596069753
487,Basoko,1.24,23.62,71.71,92,62,4.36,CD,1596069544
488,Bariloche,-41.15,-71.31,30.2,74,100,6.93,AR,1596069754
489,Esperance,-33.87,121.9,51.8,81,0,17.22,AU,1596069734
490,Nhulunbuy,-12.23,136.77,78.8,50,20,20.8,AU,1596069678
491,Torata,-17.08,-70.84,51.78,38,0,0.85,PE,1596069755
492,Galveston,29.37,-94.97,86.0,79,20,10.29,US,1596069683
493,Port Hedland,-20.32,118.57,62.6,27,0,6.93,AU,1596069755
494,Mairana,-18.12,-63.93,46.94,55,84,2.1,BO,1596069755
495,Senno,59.53,33.92,52.74,96,37,6.38,RU,1596069755
496,Ust'-Kulom,61.69,53.69,51.4,98,27,2.98,RU,1596069755
497,Władysławowo,54.79,18.4,59.0,77,83,8.05,PL,1596069755
498,Giddarbāha,30.2,74.67,84.36,73,72,9.44,IN,1596069755
499,Northam,51.03,-4.22,55.99,92,89,3.0,GB,1596069755
500,Ode,7.79,5.71,66.85,98,61,6.44,NG,1596069756
501,Sasovo,54.35,41.92,62.47,85,100,7.34,RU,1596069756
502,Bay Roberts,47.6,-53.26,57.99,1,100,4.68,CA,1596069756
503,Jacqueville,5.21,-4.41,75.2,100,75,3.36,CI,1596069756
504,Nikolayevsk-on-Amur,53.14,140.73,88.23,51,0,10.71,RU,1596069756
505,San Alberto,7.76,-73.39,79.3,73,100,4.72,CO,1596069756
506,Gravdal,68.12,13.5,61.11,73,93,5.99,NO,1596069756
507,Menongue,-14.66,17.69,49.05,49,12,4.29,AO,1596069552
508,Kommunisticheskiy,61.68,64.48,51.6,77,100,5.32,RU,1596069756
509,Poltavka,54.37,71.76,54.72,72,100,2.82,RU,1596069757
510,Aksha,50.28,113.29,73.04,61,1,3.18,RU,1596069757
511,Half Moon Bay,37.46,-122.43,77.0,87,90,9.17,US,1596069757
512,Atambua,-9.11,124.89,78.91,40,75,3.44,ID,1596069757
513,Tak,16.58,98.83,77.0,94,75,2.08,TH,1596069758
514,Maceió,-9.67,-35.74,73.4,83,75,8.05,BR,1596069758
515,Anshun,26.25,105.93,71.35,85,94,6.4,CN,1596069758
516,Lucea,18.45,-78.17,86.0,74,20,12.75,JM,1596069758
517,Kondopoga,62.21,34.26,62.6,93,51,8.95,RU,1596069758
518,Yuanping,38.72,112.76,78.46,66,88,2.59,CN,1596069759
519,Borogontsy,62.67,131.17,67.64,36,0,5.41,RU,1596069759
520,Zernograd,46.85,40.31,64.99,55,0,1.99,RU,1596069759
521,Ingleside,27.88,-97.21,86.0,79,1,11.41,US,1596069759
522,Listvyagi,53.68,86.95,58.06,95,100,9.78,RU,1596069759
523,Homer,59.64,-151.55,66.2,59,1,12.75,US,1596069759
524,Skopin,53.82,39.55,63.14,94,94,3.65,RU,1596069759
525,Abhā,18.22,42.51,62.6,87,75,9.17,SA,1596069581
526,Lamu,-2.27,40.9,76.37,88,24,14.88,KE,1596069760
527,Palma de Mallorca,39.57,2.65,82.0,54,0,2.24,ES,1596069760
528,Tagusao,9.19,117.81,83.98,77,92,12.08,PH,1596069760
529,Cap Malheureux,-19.98,57.61,68.0,81,17,3.0,MU,1596069760
530,Mehrān,33.12,46.16,80.6,32,0,2.24,IR,1596069760
531,Newport,51.59,-3.0,60.01,84,90,2.19,GB,1596069760
532,Coyhaique,-45.58,-72.07,32.0,95,100,1.39,CL,1596069760
533,Minot,48.23,-101.3,86.0,37,1,8.05,US,1596069760
534,Ferrol,43.48,-8.24,66.0,88,0,2.24,ES,1596069760
535,Balakhta,55.38,91.6,62.31,88,100,2.75,RU,1596069760
536,Brejo,-3.68,-42.75,76.28,73,51,4.0,BR,1596069760
